season,site,parameter,t_mean01,t_mean99,t_slope_behind_01,t_slope_behind_99,t_sd_0199
fall_baseflow,archery,Chl-a Fluorescence,1.2364729309082,7.26494884490968,-0.267351769606272,0.254679202874501,0.7459339686921098
monsoon,archery,Chl-a Fluorescence,0.202777075394988,11.0251211166382,-0.252372724850973,0.243861284573874,1.3327625607289406
snowmelt,archery,Chl-a Fluorescence,0.022499302085489,3.34143972158432,-0.0677255867322286,0.0676395306984584,0.7249214199687385
winter_baseflow,archery,Chl-a Fluorescence,0.0170399899594486,10.8432017803192,-0.454937652826309,0.448478298425671,1.8444859699512839
fall_baseflow,archery,Depth,0.613150946044922,1.00731624710083,-4.55625725936889e-4,8.26091630554203e-4,0.10284794839960698
monsoon,archery,Depth,0.238756020712852,1.290441901474,-9.2247164878845e-4,0.00164513003368378,0.18601255504770114
snowmelt,archery,Depth,0.141760600543499,2.10390431840515,-0.00250483824119568,0.00332532838468552,0.5502632176034336
winter_baseflow,archery,Depth,0.403329767103195,0.943063508405686,-4.84484865570069e-4,9.64178066253666e-4,0.10387814637787302
fall_baseflow,archery,DO,5.49391954421997,12.0615551757812,-0.0339454212188721,0.0573437627156576,1.457681998954374
monsoon,archery,DO,4.95261077880859,12.4479568481445,-0.0269252204895021,0.0329293104807536,1.2632899085787008
snowmelt,archery,DO,6.0448939704895,9.95599534034729,-0.0141461086273193,0.0173848810195923,0.7403077245913718
winter_baseflow,archery,DO,0,15.9405082321167,-0.0815092557271322,0.149087956746419,1.629172409576005
monsoon,archery,FDOM Fluorescence,0.479030102193356,0.753873825669289,-0.00254799564679464,0.0030563849210739,0.061503524257158944
snowmelt,archery,FDOM Fluorescence,0.452638278901577,1.48351700305939,-0.00602646636962889,0.00704429578781132,0.3024192812557468
fall_baseflow,archery,ORP,0.294454188232422,0.450008104248047,-3.76448852539062e-4,2.99328755696616e-4,0.0272271815923069
monsoon,archery,ORP,0.240967178344727,0.434478607177734,-0.00130483256022136,7.52677408854169e-4,0.0419250966777739
snowmelt,archery,ORP,-0.191728465118408,0.464507836914062,-0.00197052775065104,0.00111012656656901,0.12135019635131594
winter_baseflow,archery,ORP,0.164041499786377,0.40017349395752,-0.00198528011067708,0.00114654067993164,0.07129827201059079
fall_baseflow,archery,pH,7.81999633789063,8.58754890441895,-0.00310582605997721,0.00347098286946614,0.18042057711985846
monsoon,archery,pH,7.67671203613281,8.82332935333252,-0.00400784810384115,0.00451976776123047,0.2547854263158863
snowmelt,archery,pH,7.57155983924866,8.2771605682373,-0.00367539405822754,0.00391227340698241,0.1429532458156494
winter_baseflow,archery,pH,0,9.03094118118286,-0.00514941872490777,0.00620194498697915,0.3036116990760117
fall_baseflow,archery,Specific Conductivity,222.38589050293,1471.94299804687,-1.55699995930989,0.855575764973958,342.30459736634083
monsoon,archery,Specific Conductivity,200.030502319336,1615.50207519531,-2.60043782552083,1.16606048583985,339.2751241070799
snowmelt,archery,Specific Conductivity,85.640445022583,1568.64668334961,-3.31494376627604,1.41968383789062,213.86100499405646
winter_baseflow,archery,Specific Conductivity,0,1738.61690795898,-2.37002433268229,1.71286979166668,441.6541478434503
fall_baseflow,archery,Temperature,1.87142502784729,17.8545935058594,-0.00850056584676107,0.0182229919433593,3.66135858596996
monsoon,archery,Temperature,13.7471019744873,23.7049114227295,-0.011912338256836,0.0212399342854815,2.1285627122879287
snowmelt,archery,Temperature,8.30396555900574,19.9895721244812,-0.0109296976725261,0.0200836022694906,2.4398793037549313
winter_baseflow,archery,Temperature,3.04092726707458,16.0967336654663,-0.0112697118123372,0.0252298831939697,3.0896897050163545
monsoon,archery,Turbidity,5.4912904882431,14.522942647934,-0.525935842196147,0.512662812868754,1.7049290541832791
snowmelt,archery,Turbidity,0,527.894375610352,-10.8048844401042,10.522270711263,154.7325532304437
winter_baseflow,archery,Turbidity,0.114708780050278,65.3590194702149,-2.82245861828327,3.11749656248092,8.38479484314309
fall_baseflow,archery virridy,Chl-a Fluorescence,0.020598878711462,7.91083616256713,-0.445390470661223,0.42458731230721,1.5905646806063485
monsoon,archery virridy,Chl-a Fluorescence,0.0106881619617343,7.01716264724732,-0.407364054831366,0.384516478578251,1.2085945658278896
snowmelt,archery virridy,Chl-a Fluorescence,0.0139280632324517,4.40466503143311,-0.200099860668182,0.172833269834518,0.5334794360202093
winter_baseflow,archery virridy,Chl-a Fluorescence,0.0227878817543387,12.0261558532715,-0.564070823033651,0.537369707743326,1.674017060020567
fall_baseflow,archery virridy,Depth,0.183199870010376,0.494093698267937,-4.57514346122742e-4,5.97203263950341e-4,0.08634451119746243
monsoon,archery virridy,Depth,0.184726017953396,0.6059958064785,-9.64746733093261e-4,0.00162175541877746,0.09354832497349748
snowmelt,archery virridy,Depth,0.112640263826609,1.29552007115936,-0.00214960822830202,0.00361305330047609,0.24931956434269995
winter_baseflow,archery virridy,Depth,0.195720945854187,0.971824169311524,-5.3881553668976e-4,0.00104809135513305,0.18684806994505485
fall_baseflow,archery virridy,FDOM Fluorescence,0.639903650283813,1.98953659772873,-0.00533341534932454,0.00435751597086589,0.2999498925292885
monsoon,archery virridy,FDOM Fluorescence,0.517902510166168,1.8062220954895,-0.00606878153483073,0.00672596120834351,0.3471511152391878
snowmelt,archery virridy,FDOM Fluorescence,0.467444417774677,2.09983021020889,-0.0102600129445394,0.0110131475925446,0.36624686701924714
winter_baseflow,archery virridy,FDOM Fluorescence,0.648255511522293,2.0465238571167,-0.00795943212509156,0.00871406078338624,0.27974095473073346
fall_baseflow,archery virridy,Specific Conductivity,231.667620239258,1545.62046875,-2.98536263020833,2.92491446940104,381.86646890270055
monsoon,archery virridy,Specific Conductivity,270.522430419922,1893.54052734375,-4.61069856770833,3.37403450520834,414.76204811945274
snowmelt,archery virridy,Specific Conductivity,83.2292687988281,1177.5946081543,-3.70498876953126,1.722209370931,185.58116438664172
winter_baseflow,archery virridy,Specific Conductivity,235.291184387207,1710.58131347656,-3.6050234375,3.29985066731771,368.83662978246116
fall_baseflow,archery virridy,Temperature,1.6314825963974,18.0260118103027,-0.0106293512980144,0.0218882293701172,3.707853821805824
monsoon,archery virridy,Temperature,13.3801050186157,23.4735565185547,-0.0151047388712565,0.0289700215657554,2.0916783748663406
snowmelt,archery virridy,Temperature,7.96687534332275,20.2556017303467,-0.0122014554341634,0.0224759203592936,2.6705167532706224
winter_baseflow,archery virridy,Temperature,2.87968626022339,15.8623272418976,-0.0119757270812988,0.0250605773925782,3.0261106654217222
fall_baseflow,archery virridy,Turbidity,0,15.5697874641418,-1.72710792541504,1.51904167461395,2.665154078832744
monsoon,archery virridy,Turbidity,0,41.9457304382324,-1.74335639985402,1.77049758021037,4.628529963774423
snowmelt,archery virridy,Turbidity,4.32158888339996,340.472276916504,-15.8894461263021,16.3683171539307,47.06813001723806
winter_baseflow,archery virridy,Turbidity,0,71.9495056152344,-2.15114486344655,2.01099341964722,11.849723030956461
fall_baseflow,boxcreek,Chl-a Fluorescence,0.0194821162894368,45.3972991180421,-1.82469692484538,2.05673701723417,4.5868690603491915
monsoon,boxcreek,Chl-a Fluorescence,0.0184344952553511,61.3160617446898,-3.01977652843793,3.49904557275027,10.20278934250917
snowmelt,boxcreek,Chl-a Fluorescence,0.0427089328318834,65.5360074615472,-4.67057790120443,4.78396465937295,5.365126687352219
winter_baseflow,boxcreek,Chl-a Fluorescence,0.0401362143456936,115.554092407227,-5.70453319803874,5.73699729601545,14.544083644172849
fall_baseflow,boxcreek,Depth,0.145405873316288,0.293735534737587,-4.72826177978515e-4,5.75369967269897e-4,0.028420838310650405
monsoon,boxcreek,Depth,0.192321436786652,0.40455443253994,-5.0597165966034e-4,4.71602015781402e-4,0.049699904789001645
snowmelt,boxcreek,Depth,0.239515449285507,0.380268392040253,-3.32443661499025e-4,3.61361542701722e-4,0.02803078516586348
winter_baseflow,boxcreek,Depth,0.177319406636238,0.365215806472778,-3.54056998252869e-4,3.82888390064237e-4,0.031167467139520146
fall_baseflow,boxcreek,FDOM Fluorescence,0.440591794252396,1.64283424854279,-0.0278997441927592,0.0277244766553243,0.29850690658604895
monsoon,boxcreek,FDOM Fluorescence,0.394363111257553,1.58951807498932,-0.0271183251539866,0.0270872588952382,0.3242464863862189
snowmelt,boxcreek,FDOM Fluorescence,0.473368081450462,1.55199753761291,-0.0100362426439921,0.0112345475355785,0.199747518871517
winter_baseflow,boxcreek,FDOM Fluorescence,0.627070187330246,1.94904094934464,-0.013439990679423,0.012721121430397,0.24383714717613966
fall_baseflow,boxcreek,Specific Conductivity,1274.22045654297,2561.521953125,-3.75296744791667,3.94071012369792,223.5368842785187
monsoon,boxcreek,Specific Conductivity,1693.03961791992,2482.4980102539,-4.89525797526042,5.00290877278646,177.24025626738973
snowmelt,boxcreek,Specific Conductivity,1722.72973632812,2552.00704101562,-1.28955745442708,1.97810424804687,190.2340545400399
winter_baseflow,boxcreek,Specific Conductivity,1929.77910888672,2796.94748046875,-7.81749186197917,7.29507128906247,157.59965803717748
fall_baseflow,boxcreek,Temperature,5.02644068717957,15.5580493354797,-0.0104569975535075,0.0183559023539225,2.533830741971808
monsoon,boxcreek,Temperature,12.1334460258484,19.1482078552246,-0.0104555892944336,0.0204397557576497,1.458577943865784
snowmelt,boxcreek,Temperature,8.84260201454163,19.5925490379333,-0.0134676221211751,0.0249556350708008,2.383176860572746
winter_baseflow,boxcreek,Temperature,4.32033176422119,15.3644960784912,-0.0113058573404946,0.0231254336039226,2.5529166257822413
fall_baseflow,boxcreek,Turbidity,0,162.322416687013,-17.7161489639282,19.614590689659,21.930248889043042
monsoon,boxcreek,Turbidity,3.15715583562851,270.073609924315,-13.509670522054,12.3738387171427,32.340173217574055
snowmelt,boxcreek,Turbidity,5.04934590816498,91.703318786621,-5.67472262573242,4.95995044962564,13.417730519677606
winter_baseflow,boxcreek,Turbidity,0,691.223479003909,-60.2640330607096,58.6720812988281,92.64112108498986
fall_baseflow,boxelder,Chl-a Fluorescence,0.0127151080593467,0.268943059444427,-0.0175782207846642,0.0183609865506488,0.021658265537749907
winter_baseflow,boxelder,Chl-a Fluorescence,0.0280067019164562,0.421606072187424,-0.0297298753907283,0.0268949050108591,0.06188075586289149
fall_baseflow,boxelder,Depth,0.313708345779419,0.45589035392189,-4.7793918952942e-4,6.51512557983399e-4,0.017695105658251453
monsoon,boxelder,Depth,0.105700056725979,1.0337078324089,-0.00144708567829132,0.00299699487686157,0.22984183622303858
snowmelt,boxelder,Depth,0.293264635973454,2.4860726279068,-0.00221883859558106,0.00278654086227417,0.5931649974142436
winter_baseflow,boxelder,Depth,0.310959495760918,0.596292823156357,-7.26644648361205e-4,8.03387856483458e-4,0.07795404937113228
fall_baseflow,boxelder,DO,7.2997665977478,13.2537141799927,-0.0194405962626139,0.0215486984252929,1.637931112907762
monsoon,boxelder,DO,0,12.9335581207275,-0.0950380283991496,0.111463895161947,1.7164410120324836
snowmelt,boxelder,DO,0.0527029333263636,9.69268262863159,-0.0986749064127604,0.109922870318095,2.034072440044644
winter_baseflow,boxelder,DO,4.27703261375427,13.1351819038391,-0.0914061822891235,0.0969283429781596,1.927527393986585
fall_baseflow,boxelder,FDOM Fluorescence,0.633173470497131,1.0209642958641,-0.00129617611567179,9.9805593490601e-4,0.0857169028510856
winter_baseflow,boxelder,FDOM Fluorescence,0.568192276954651,0.844713201522827,-9.1987144947052e-4,5.31598726908365e-4,0.08460748621990306
fall_baseflow,boxelder,ORP,0.0879885559082031,0.208095635681152,-5.53703531901042e-4,6.78157755533854e-4,0.02808748967171441
monsoon,boxelder,ORP,0.102079769897461,0.477132708740234,-0.00122340494791667,9.49414469401042e-4,0.07228784897481046
snowmelt,boxelder,ORP,0.193607101898193,0.515180479736328,-8.9188720703125e-4,9.70194610595694e-4,0.07038309561307238
winter_baseflow,boxelder,ORP,0.128279342651367,0.396626434326172,-9.27931477864584e-4,7.02063700358072e-4,0.07367557460741482
fall_baseflow,boxelder,pH,8.33110837936401,8.95898468017578,-0.00184512646993001,0.00245007642110189,0.15348132313953744
monsoon,boxelder,pH,7.62302122116089,9.59217319488526,-0.0122617022196452,0.0124855111440022,0.42565272328638515
snowmelt,boxelder,pH,4.144593501091,8.66311233520508,-0.00619264189402262,0.00734773890177409,0.5876405940163149
winter_baseflow,boxelder,pH,7.96443057060242,9.32646608352661,-0.00541343371073397,0.00573992538452149,0.27830749681061
fall_baseflow,boxelder,Specific Conductivity,559.934655761719,1268.64850585938,-1.3417598063151,0.57272216796875,120.03458002285575
monsoon,boxelder,Specific Conductivity,138.758934020996,988.458697509765,-3.06368245442708,1.31756795247396,196.60730897666707
snowmelt,boxelder,Specific Conductivity,53.3346593093872,2433.45938476562,-2.07357902018229,1.46856342569987,397.47287131490776
winter_baseflow,boxelder,Specific Conductivity,736.474542236328,1806.44068481445,-2.39849462890625,1.66794059244792,322.03994428832743
fall_baseflow,boxelder,Temperature,-0.0636841277778149,11.320224647522,-0.00806640307108561,0.0194103705088298,2.8868492650777284
monsoon,boxelder,Temperature,14.0690195083618,25.9985109329224,-0.0150843162536621,0.0286426747639974,2.3840782933350004
snowmelt,boxelder,Temperature,8.32917210578918,20.363470249176,-0.0143945795694987,0.0244379806518555,2.7318609164016547
winter_baseflow,boxelder,Temperature,1.07859492301941,18.4417114257812,-0.0239801465670268,0.0521203641891479,4.272293123429482
fall_baseflow,boxelder,Turbidity,0,3.40575344085691,-0.205238154570262,0.194596434354783,0.4024849358306564
monsoon,boxelder,Turbidity,0,966.6528125,-53.4108120498657,53.5086661783854,119.78164083554637
snowmelt,boxelder,Turbidity,1.7308575129509,2631.69287597656,-87.786324625651,81.5324879964193,288.78166065029296
winter_baseflow,boxelder,Turbidity,0,29.536546611786,-0.539225224494934,0.566144182284673,2.3933665184719692
fall_baseflow,cbri,Chl-a Fluorescence,0.00930454825,0.77754315,-0.01398460722,0.0133807197733333,0.1506558521157571
monsoon,cbri,Chl-a Fluorescence,0.00499739831,0.0196045028,-3.5849708e-4,3.53751926666667e-4,0.0030535743091103565
snowmelt,cbri,Chl-a Fluorescence,0.007529256396,0.02106807112,-3.84706989333333e-4,4.04596916533334e-4,0.0026392551187631374
fall_baseflow,cbri,Depth,0.26731590936,0.5389813452,-8.90642668799998e-4,8.23179252800003e-4,0.1112664430438738
monsoon,cbri,Depth,0.335092249296,0.5910605622504,-9.298804872e-4,9.3914870336e-4,0.053764010871024906
snowmelt,cbri,Depth,0.406278179568,0.752746756632,-0.0039539557192,0.00424370894208,0.09238196194735998
fall_baseflow,cbri,DO,7.48381675,9.16148275,-0.00469191733333336,0.00432951199999996,0.5626571748633689
monsoon,cbri,DO,7.28614014,8.912284145,-0.00435561200000002,0.00263929599999999,0.23478830937759448
snowmelt,cbri,DO,8.3927094,9.4303096,-0.00427222000000006,0.00432120000000007,0.2345713746259599
fall_baseflow,cbri,FDOM Fluorescence,0.395348075,0.77522055,-9.90652000000002e-4,9.22781599999992e-4,0.10085822800286662
monsoon,cbri,FDOM Fluorescence,0.4518255365,0.844139471,-7.19485799999999e-4,0.00102205278666667,0.0645502081392621
snowmelt,cbri,FDOM Fluorescence,0.4216767175,3.02957235,-0.0071036088,0.00751430453333332,0.7514345220191633
fall_baseflow,cbri,ORP,0.216713,0.269412975,-3.78251200000002e-4,3.27722933333335e-4,0.014251887086938583
monsoon,cbri,ORP,0.126109142,0.2706174246,-5.71993866666666e-4,4.56051666666666e-4,0.030538391216736696
snowmelt,cbri,ORP,0.1182505301,0.3348815086,-0.00113751033333333,8.39042453333329e-4,0.048135102473985225
fall_baseflow,cbri,pH,7.7221125,7.9768435,-0.00460011266666665,0.00459799999999999,0.06466230664111268
monsoon,cbri,pH,7.51846275,7.89462533,-0.0050060333333333,0.00523826666666671,0.08335334574077681
snowmelt,cbri,pH,7.487555587,7.774173395,-0.00622210353333333,0.00639139506666665,0.06272427361258005
fall_baseflow,cbri,Specific Conductivity,46.6398825,63.305085,-0.0187558933333331,0.0343786666666666,5.308439224072149
monsoon,cbri,Specific Conductivity,45.4535374,50.2386733,-0.0114697733333332,0.0126415199999999,1.3490388634015424
snowmelt,cbri,Specific Conductivity,40.87315872,66.31380535,-0.0814248533333335,0.0588363093333334,5.177695673766031
fall_baseflow,cbri,Temperature,0.92741395,9.59459075,-0.020306544,0.0197698793333333,2.749348809685696
monsoon,cbri,Temperature,5.41265831,10.9798953,-0.0152229966666666,0.0240383040000001,0.8914897825757371
snowmelt,cbri,Temperature,0.3770029024,8.29263033,-0.0190539566666667,0.0192204456666666,2.0832783089357862
fall_baseflow,cbri,Turbidity,0,2.42853725,-0.126742696666667,0.124459530666667,0.19673946600861586
monsoon,cbri,Turbidity,0,4.56106411500004,-44.816871,73.6036676,0.8101761586162908
snowmelt,cbri,Turbidity,0.8132382438,60.6388319099999,-3.204563244,2.90072731733333,9.661436353824566
fall_baseflow,chd,Chl-a Fluorescence,0.0202808134,50.8180318,-1.0739391,1.38363889066667,3.980255756415118
monsoon,chd,Chl-a Fluorescence,0.0068813448,4.80801704999998,-0.369815776,0.338609056333333,0.3857990965435524
snowmelt,chd,Chl-a Fluorescence,0.0240874979,1.623699387,-0.0292224978666667,0.0308861858000001,0.2612088853064719
fall_baseflow,chd,Depth,0.1070842294176,0.345000364608,-4.36533747200001e-4,3.77586544800001e-4,0.07209340983963657
monsoon,chd,Depth,0.2987192817576,0.6794884695192,-0.00124705067328,0.00101300694528,0.07406163461417482
snowmelt,chd,Depth,0.5267867921952,0.9496066771608,-0.00237600857792,0.00224493644991999,0.12887956652080368
fall_baseflow,chd,DO,7.12986528,8.01936704,-0.00554917133333334,0.00605001599999998,0.2120637066804978
monsoon,chd,DO,6.49894288,8.40054963,-0.0045662133333333,0.00396337333333334,0.3797673377338345
snowmelt,chd,DO,8.08042522,9.33162977,-0.00519288000000005,0.00578263199999996,0.2669705095075731
fall_baseflow,chd,FDOM Fluorescence,0.414832656,0.496094212,-0.00106875413333333,0.00142680533333333,0.016103818003767204
monsoon,chd,FDOM Fluorescence,0.334377205,0.9258216656,-0.0063036274,0.00610886746666667,0.09636992132129338
snowmelt,chd,FDOM Fluorescence,0.732273911,1.586201434,-0.00743784297999999,0.00608228533333333,0.19499141863574895
fall_baseflow,chd,ORP,0.312863332,0.366183654,-3.89450266666665e-4,2.96192666666663e-4,0.01107330503266955
monsoon,chd,ORP,0.25997531,0.34816605900000003,-2.82402933333337e-4,3.74644106666667e-4,0.018648392546765553
snowmelt,chd,ORP,0.2544347771,0.3164775977,-5.59038753333332e-4,7.14226506666667e-4,0.010146339918366191
fall_baseflow,chd,pH,7.47839804,8.08789626,-0.00537128666666666,0.00545059733333337,0.1394061895966366
monsoon,chd,pH,7.35160406,7.98755482,-0.00578214733333331,0.00464878133333334,0.13670036932014712
snowmelt,chd,pH,7.465300331,8.38895706,-0.011388964,0.00969191899999998,0.17151640636681767
fall_baseflow,chd,Specific Conductivity,48.3254654,51.6655254,-0.0104575466666669,0.0131907599999999,0.8985821188296935
monsoon,chd,Specific Conductivity,37.36513406,48.4938386,-0.0169924933333334,0.0195294100000001,2.1037577705182255
snowmelt,chd,Specific Conductivity,36.63291314,54.28456642,-0.0597109373333333,0.0588034199999999,6.184576904929993
fall_baseflow,chd,Temperature,6.14697924,10.5918992,-0.00528704000000007,0.00659924066666669,0.9774531270696543
monsoon,chd,Temperature,9.03507209,15.3822647,-0.0191989333333334,0.00978147733333338,1.4531049854031333
snowmelt,chd,Temperature,3.60387036,11.48537543,-0.0377837066666666,0.0312225279333333,1.532009038074115
fall_baseflow,chd,Turbidity,0.149719832,6.0168358599999,-0.587624050666667,0.491245700266664,0.5698028979618099
monsoon,chd,Turbidity,0.209567031,5.31325843999999,-0.874816417,0.84009503933333,0.7770283312403831
snowmelt,chd,Turbidity,2.664644437,20.0615779100001,-0.986260997333333,0.883149130000001,1.6442823581593182
fall_baseflow,joei,Chl-a Fluorescence,0.0013578432,0.014311733,-3.62818638133333e-4,3.68152535333333e-4,0.002707232963219579
monsoon,joei,Chl-a Fluorescence,0,0.7128039064,-0.00595140170666666,0.00682387000000005,0.12859659514655136
snowmelt,joei,Chl-a Fluorescence,0.04356981768,1.90216392,-0.0163817560933333,0.0153371701333333,0.3163978672038473
fall_baseflow,joei,Depth,0.289607170848,0.33697694352,-3.2325525392e-4,3.205321504e-4,0.014736220256388231
monsoon,joei,Depth,0.316929808608,0.5158127827488,-4.803379776e-4,5.7792368032e-4,0.03586772943201982
snowmelt,joei,Depth,0.334135988064,0.7281162667008,-0.0023224890304,0.00229665024032,0.10488612822522325
fall_baseflow,joei,DO,8.1489407,9.8637859,-0.00628625866666674,0.00346631199999994,0.4337941785910676
monsoon,joei,DO,6.60007818,9.5826719400000009,-0.00687758666666664,0.00324603733333333,0.6700703364368219
snowmelt,joei,DO,7.9882864,10.237944,-0.00671550833333333,0.00577801066666665,0.6136745474722803
fall_baseflow,joei,FDOM Fluorescence,0.18107749,0.28026993,-3.69130266666667e-4,5.976784e-4,0.01679728717207126
monsoon,joei,FDOM Fluorescence,0.174181138,0.627721229000001,-6.84078800000001e-4,0.00141326573333333,0.08853973537805503
snowmelt,joei,FDOM Fluorescence,0.4357407684,1.833089474,-0.00715114733333333,0.00607823306666667,0.4215445367341605
fall_baseflow,joei,ORP,0.060734511,0.12409659,-8.08548239999999e-4,6.49824186666665e-4,0.013711322366271542
monsoon,joei,ORP,0.0362765336,0.263092724,-9.43756213333333e-4,9.63682966666668e-4,0.04369199210021209
snowmelt,joei,ORP,0.147842277,0.3326922843,-7.05598213333331e-4,5.885944e-4,0.038751746517235265
fall_baseflow,joei,pH,7.8149634,8.3718309,-0.00267410000000001,0.00266400266666664,0.13378802478266397
monsoon,joei,pH,7.4363469,8.2265316,-0.00455841806666666,0.00384522573333334,0.19134134766111982
snowmelt,joei,pH,7.09414601,7.605269379,-0.00811563813333338,0.00759979666666665,0.12279759843516712
fall_baseflow,joei,Specific Conductivity,73.386187,79.08035,-0.01546552,0.01361844,1.2092790503854067
monsoon,joei,Specific Conductivity,43.77912478,77.5983438,-0.0361928266666669,0.0259655799999997,6.157806521031781
snowmelt,joei,Specific Conductivity,26.70685056,62.55310287,-0.142382833333334,0.12299276,9.61882271122741
fall_baseflow,joei,Temperature,0.71290587,8.7560388,-0.0159234106666667,0.028218512,2.018288658791735
monsoon,joei,Temperature,1.96414414,13.8175418,-0.0188804633333333,0.0381006853333333,2.557319815093546
snowmelt,joei,Temperature,0.0335488517,9.96077976,-0.0280717557333333,0.0314759917333334,2.5230672718059295
fall_baseflow,joei,Turbidity,0,0.25601461,-0.998730144666667,0.986145643999996,0.08327319960216567
monsoon,joei,Turbidity,0,5.35056669,-0.358202176,0.361575925306667,2.008883613354716
snowmelt,joei,Turbidity,4.348539658,65.7017638,-1.2826044,1.44351373866666,9.466246439370991
monsoon,lbea,Chl-a Fluorescence,0.05802297905,2.125295485,-0.0757528209013333,0.14682716892,0.2127040707259794
snowmelt,lbea,Chl-a Fluorescence,0.01091478913,4.579686739,-0.230678372149333,0.257972340737334,0.4019037664565795
winter_baseflow,lbea,Chl-a Fluorescence,0.06128386788,0.0761958346,-7.35079666666667e-4,6.93075418e-4,0.0034693081236828903
monsoon,lbea,Depth,0.233185435584,0.245870701044,-7.93424725568001e-4,6.75700838079999e-4,0.0030149516278067867
snowmelt,lbea,Depth,0.23691311309688,0.4895027393568,-0.0027108928256,0.0032834789296,0.05452127805923009
winter_baseflow,lbea,Depth,0.1717824711156,0.3415371008208,-0.0041187259052800004,0.00801234453407999,0.024151611602560533
monsoon,lbea,FDOM Fluorescence,0.1892225065,1.72125653,-0.0209040348333333,0.0143551286666667,0.4179695473407429
snowmelt,lbea,FDOM Fluorescence,0.0495467572,2.669406264,-0.0677909261333333,0.0717937181866672,0.613291076066232
winter_baseflow,lbea,FDOM Fluorescence,2.128592442,2.563922942,-0.00249480293333333,0.00286528000000002,0.15436467827042188
monsoon,lbea,Specific Conductivity,38.42001645,40.5076948,-0.0275949733333332,0.0279060666666665,0.6757257409414618
snowmelt,lbea,Specific Conductivity,21.70353929,68.9370633,-0.435938373333333,0.484317206666675,11.434684963107085
winter_baseflow,lbea,Specific Conductivity,62.27844136,64.2596092,-0.0558387133333332,0.0484813533333331,0.44338775383751644
monsoon,lbea,Temperature,9.628628025,13.2557218,-0.00812729266666665,0.0151497853333333,1.0265296623589857
snowmelt,lbea,Temperature,0.850565085,15.865487705,-0.0184429406666666,0.0312789602666667,3.6395881257131215
winter_baseflow,lbea,Temperature,3.060459652,7.945630736,-0.0147648365333334,0.0226415246666667,1.6205898098667104
monsoon,lbea,Turbidity,4.75856822,18.9583993,-0.6780018476,0.705661944000001,1.631315710478467
snowmelt,lbea,Turbidity,4.705797461,4838.83518,-94.1190818666667,110.197734973333,722.0479717263431
winter_baseflow,lbea,Turbidity,23.2252054,593.397123480001,-57.6641458293333,61.1418966933332,7.68973886755138
fall_baseflow,legacy,Depth,0.176700868083,2.29460070612717,-0.0197587474365234,0.0107377035942078,0.5232118477703062
monsoon,legacy,Depth,0.169600898659229,0.743265211137772,-0.00127901052074433,0.00215562992954255,0.1413527930682744
snowmelt,legacy,Depth,0.260004552577972,1.36935792173767,-0.00250447421302795,0.00248368052101135,0.2693963794502657
winter_baseflow,legacy,Depth,0.181882227327347,0.844673572883606,-0.00160158058433533,0.00180298333454131,0.13044936058373116
fall_baseflow,legacy,DO,5.62213272571564,13.976190290451,-0.0251144688924154,0.0269142901102701,1.6353271720856892
monsoon,legacy,DO,5.93377868652344,10.1678475570679,-0.015869374593099,0.0131551564534505,0.723766003296414
snowmelt,legacy,DO,7.88104766845703,10.3253314208984,-0.00886088371276855,0.00678132375081383,0.5088279227247807
winter_baseflow,legacy,DO,6.39979439735413,13.4597017192841,-0.0302910435994466,0.0251880702972412,1.4995149207303526
fall_baseflow,legacy,ORP,0.187621215820312,0.459724393310547,-8.98717244466146e-4,8.06380310058594e-4,0.08265155288791011
monsoon,legacy,ORP,0.220536154785156,0.373828541259766,-0.00104194291178385,8.56628743489585e-4,0.03260903924896252
snowmelt,legacy,ORP,0.222370227966309,0.377240596618652,-0.00123637137858073,0.00112791935221354,0.02718540596016293
winter_baseflow,legacy,ORP,0.0463285484313965,0.405395135498047,-0.0015497451171875,0.00142747578938802,0.08977397258941618
fall_baseflow,legacy,pH,7.62306064605713,9.41932907104492,-0.00837076314290365,0.00801437695821126,0.4939425374025244
monsoon,legacy,pH,7.45737394332886,9.21540596008301,-0.00800823974609375,0.00674500528971353,0.3918197022893016
snowmelt,legacy,pH,7.40581153869629,8.29955791473389,-0.0071597318649292,0.00647114435831706,0.16081190832806197
winter_baseflow,legacy,pH,0,9.41128977027893,-0.00767614480013021,0.0074055138122559,0.44942681859118677
fall_baseflow,legacy,Specific Conductivity,110.643973083496,405.686297607422,-1.21423482259115,1.10697969563802,82.78230387599969
monsoon,legacy,Specific Conductivity,67.615286026001,354.231774291992,-0.510001703898112,0.349285486857095,58.58564699163994
snowmelt,legacy,Specific Conductivity,37.4921563720703,168.743419799805,-0.738288269042969,0.770560129801432,28.91179087345649
winter_baseflow,legacy,Specific Conductivity,105.037556915283,378.124445800781,-0.9311355082194,0.962854380289701,60.37404214892807
fall_baseflow,legacy,Temperature,0.0902506849169731,18.2144855499268,-0.0128757368723551,0.0253431180318197,3.989468822110912
monsoon,legacy,Temperature,11.3974325561523,22.5133460998535,-0.0172308858235677,0.0316556034088134,2.21343472794858
snowmelt,legacy,Temperature,7.21469610214233,18.5512775421143,-0.0133603967030843,0.027386683146159,2.406358898662336
winter_baseflow,legacy,Temperature,1.00728761553764,17.0701930999756,-0.0166956965128581,0.0353837814331055,3.4163946400869714
fall_baseflow,legacy,Turbidity,0.381359818577766,61.2715429306025,-2.87609788457553,2.38120932261151,6.239403612770833
monsoon,legacy,Turbidity,0,304.38250732422,-11.1664463361104,9.64635348542526,34.953764085720785
snowmelt,legacy,Turbidity,0,353.023129882814,-17.8497999725342,17.064075302124,46.993352222189884
winter_baseflow,legacy,Turbidity,1.07619746923447,226.877956542961,-11.8284715309143,11.3696209961573,17.08762845772538
fall_baseflow,lincoln,Chl-a Fluorescence,0.00979999989271164,0.687669293880464,-0.052746394276619,0.0539339924603701,0.09193777679883454
monsoon,lincoln,Chl-a Fluorescence,0.011048470903188,3.15208007574081,-0.0218504795183738,0.0268390925054749,0.38158285188096325
snowmelt,lincoln,Chl-a Fluorescence,0.00978656276009626,1.7649169921875,-0.128792619407177,0.147452301730711,0.13648424857309358
winter_baseflow,lincoln,Chl-a Fluorescence,0.0146596030145884,1.11468722343445,-0.0706825827161471,0.0718982940117518,0.20579540886885558
fall_baseflow,lincoln,Depth,0.0236257305135727,0.442548539657593,-0.00141869429111481,0.00211929693651198,0.10852504269192521
monsoon,lincoln,Depth,0.0224283957577944,0.489767135321617,-9.26362284612656e-4,0.00269189552497864,0.11917538462721251
snowmelt,lincoln,Depth,0.0757084491080046,1.31604388526917,-0.00339674906158448,0.00479031024532318,0.26428645988357014
winter_baseflow,lincoln,Depth,0.0819759544916153,0.721277317062378,-0.00126507781982422,0.0020080487487793,0.1462842403773651
fall_baseflow,lincoln,DO,6.80709894180298,13.0212448501587,-0.0145432968139648,0.0171690724690754,1.329462914182429
monsoon,lincoln,DO,6.05971140861511,10.3611440086365,-0.0180242652893066,0.0136540603637695,0.7470059374950223
snowmelt,lincoln,DO,7.55699719429016,10.5252785110474,-0.00911519368489583,0.0112566235860189,0.6258640964320106
winter_baseflow,lincoln,DO,6.6918383026123,12.8143598175049,-0.0156648228963215,0.0143438434600831,1.299316699701134
fall_baseflow,lincoln,FDOM Fluorescence,0.294946731925011,0.896497011184687,-0.00527952214082082,0.00436871407429373,0.0710724089719659
monsoon,lincoln,FDOM Fluorescence,0.310170645713806,0.631265495419502,-0.00170755070447922,0.00123583078384399,0.08141943115432634
snowmelt,lincoln,FDOM Fluorescence,0.47973508387804,1.79000527262688,-0.00693927065531413,0.00682317046324412,0.3297392900432095
winter_baseflow,lincoln,FDOM Fluorescence,0.263386803865433,1.58222766876221,-0.00161002151171366,0.00209937691688538,0.21214245941703977
fall_baseflow,lincoln,ORP,0.247838775634766,0.441471593017578,-6.52893371582031e-4,6.51674886067707e-4,0.04139855280792761
monsoon,lincoln,ORP,0.124636772155762,0.444735571594238,-0.00100384259033203,8.80343912760416e-4,0.06564663392918312
snowmelt,lincoln,ORP,0.310909626464844,0.473566685180664,-6.19602050781252e-4,4.67186930338541e-4,0.04882443604481075
winter_baseflow,lincoln,ORP,0.163360015869141,0.474848002929688,-6.33896301269532e-4,6.91601318359376e-4,0.07754830975262011
fall_baseflow,lincoln,pH,7.74099888801575,9.25884399414063,-0.00626052856445312,0.00507336680094401,0.32494675850555305
monsoon,lincoln,pH,7.5243469953537,8.96583193778992,-0.00636080423990885,0.0061765791575114,0.321715559240206
snowmelt,lincoln,pH,7.47035458087921,8.3424430847168,-0.0044925053914388,0.00471504020690918,0.1779240284056113
winter_baseflow,lincoln,pH,7.68545883178711,9.1256969833374,-0.00625756581624349,0.00457527923583983,0.39359447987996454
fall_baseflow,lincoln,Specific Conductivity,116.881631851196,501.384129333496,-0.800673197428385,0.394972737630211,114.12088611173658
monsoon,lincoln,Specific Conductivity,71.8028955078125,452.715707397461,-2.02264298502604,0.794550069173177,87.6364996070461
snowmelt,lincoln,Specific Conductivity,48.5494340896607,306.387202453613,-1.44935436503092,0.387047505696615,44.203427343411946
winter_baseflow,lincoln,Specific Conductivity,102.112761535645,452.090814208984,-0.407590250651043,0.309662373860677,99.37189171247809
fall_baseflow,lincoln,Temperature,0.080572447180748,17.2838745117187,-0.00986831029256197,0.0208574237823486,4.028251486942044
monsoon,lincoln,Temperature,11.6906640148163,23.5295692062378,-0.0151738039652506,0.0284413846333821,2.3240777457600794
snowmelt,lincoln,Temperature,7.03531818389893,18.6160711669922,-0.0125504709879557,0.0230853150685628,2.569320553017908
winter_baseflow,lincoln,Temperature,1.09568858623505,16.116227722168,-0.0133315804799397,0.0272210693359375,3.4720547561242014
fall_baseflow,lincoln,Turbidity,2.94767941474915,58.0854429626465,-3.11131389204661,3.22340410041809,8.814651707759925
monsoon,lincoln,Turbidity,0,222.640518493652,-8.93161845397949,7.6019201660156,21.045321611464818
snowmelt,lincoln,Turbidity,3.08074579238892,318.019857788088,-18.6847044270833,20.1103802553815,39.93327188198765
winter_baseflow,lincoln,Turbidity,0,75.7318518066407,-2.65772015508016,2.5716225306193,12.802270296237975
fall_baseflow,pbd,Chl-a Fluorescence,0.00423539457842708,1.06601442337036,-0.0178163509070873,0.0174702004591624,0.12659204513436312
monsoon,pbd,Chl-a Fluorescence,0.00845202721655369,0.0265994622,-4.2775616e-4,4.3135818241594e-4,0.003948727363911111
snowmelt,pbd,Chl-a Fluorescence,0.0100213993899524,3.11000308990478,-0.128784741322199,0.129300898710887,0.46719413984093466
winter_baseflow,pbd,Chl-a Fluorescence,0.0122057807072997,0.414348720312118,-0.0151707790394624,0.0126074556758007,0.05025678632023045
fall_baseflow,pbd,Depth,0.207392001634598,0.219573819843292,-2.69523567962646e-4,2.5963704690933e-4,0.0024717090159922404
monsoon,pbd,Depth,0.207330653053591,0.709650052940369,-4.59674603359179e-4,4.97128955083868e-4,0.15760479054270113
snowmelt,pbd,Depth,0.475393755389214,1.11303786955261,-0.00149546617965699,0.00142059628257751,0.1525306740040095
winter_baseflow,pbd,Depth,0.28896985306406,0.610670580728531,-4.3665096359253e-4,5.70061764144898e-4,0.09260007009676861
fall_baseflow,pbd,DO,7.55628547668457,12.0460165023804,-0.00893454742431641,0.0071533444722494104,1.0444224556949628
monsoon,pbd,DO,6.61658534,9.64441373825073,-0.01213556,0.00893521333333332,0.5009018900691626
snowmelt,pbd,DO,8.16582809448242,10.4074437713623,-0.00363812446594237,0.00271620559692379,0.49775206024576146
winter_baseflow,pbd,DO,8.68154447555542,11.3848104476929,-0.00670169576009103,0.00346384620666507,0.6798551781428043
fall_baseflow,pbd,FDOM Fluorescence,0.0260423035919666,0.699023998379707,-0.00703608711560567,0.00929154656330734,0.1215761215233391
monsoon,pbd,FDOM Fluorescence,0.514093005657196,1.05918366,-0.002080266,0.00210674293333333,0.11143091729639386
snowmelt,pbd,FDOM Fluorescence,0.0126872999593616,2.03178771734238,-0.0304892466962337,0.0303553239504497,0.4746879280708871
winter_baseflow,pbd,FDOM Fluorescence,0.63835836827755,1.91796190023422,-0.00661320416132609,0.00457274834314982,0.3100914982489704
fall_baseflow,pbd,ORP,0.238214782714844,0.432173248291016,-0.00108677608235677,6.02132253011069e-4,0.04128948954169869
monsoon,pbd,ORP,0.217790878,0.460224508,-8.69348733333333e-4,6.77512000000007e-4,0.062893487122405
snowmelt,pbd,ORP,0.255770545501709,0.365427532653809,-0.00123844311523438,8.69476277669271e-4,0.023510777886419042
winter_baseflow,pbd,ORP,0.0740078449249267,0.334263898620605,-0.00108149861653646,0.00127655759684247,0.08696459347985898
fall_baseflow,pbd,pH,7.86236276626587,8.77337220191956,-0.0123988157908122,0.015247599919637,0.1771073637716061
monsoon,pbd,pH,7.50512844,8.83769199,-0.00540210399999996,0.00484962333333337,0.27690090475546764
snowmelt,pbd,pH,7.37274396419525,8.31126799583435,-0.00679282760620117,0.00675397491455077,0.18805486088448542
winter_baseflow,pbd,pH,7.65950888633728,8.18679748535156,-0.00393037287394206,0.00474114894866946,0.11755395514049007
fall_baseflow,pbd,Specific Conductivity,0.0726993391662836,165.665683746338,-1.52151745605469,1.45481336762508,33.911254311082885
monsoon,pbd,Specific Conductivity,51.1408634567261,155.990893096924,-0.1473187,0.176222726666667,24.215616657941148
snowmelt,pbd,Specific Conductivity,41.9033184051514,117.390078735352,-0.0939552307128909,0.113461563110351,23.545319004185366
winter_baseflow,pbd,Specific Conductivity,72.4354888916016,112.561813964844,-0.0734281616210942,0.0826902414957682,10.914863697390228
fall_baseflow,pbd,Temperature,0.835468896627426,17.1134286689758,-0.0210473632812499,0.0294581578572591,3.978688831345337
monsoon,pbd,Temperature,12.1268812256622,22.1230275,-0.0128750362396238,0.0250592266666666,1.8789051562671981
snowmelt,pbd,Temperature,5.90376728057861,16.7756653213501,-0.00997768147786458,0.0165711135864258,2.5032113455208926
winter_baseflow,pbd,Temperature,2.39506310939789,11.9073042011261,-0.0111766656239826,0.0296158301035563,2.553278958570143
fall_baseflow,pbd,Turbidity,0.461433656513691,50.0790119171143,-1.27515578269958,0.992763964335126,7.256155028657333
monsoon,pbd,Turbidity,0.340698749460651,5479.99472,-33.0399413333333,32.5494360000003,1096.6554448345405
snowmelt,pbd,Turbidity,5.31957385063171,1608.30430541992,-121.726601969401,107.37606967926,174.93229201923768
winter_baseflow,pbd,Turbidity,6.2962797164917,97.176244277954,-1.54020061238607,1.6983513768514,18.695909748848816
monsoon,penn,Chl-a Fluorescence,0.01468721757,0.02370322507,-3.61644897333333e-4,3.40534849333333e-4,0.0016886501543759403
snowmelt,penn,Chl-a Fluorescence,0.01436407381,0.04328496429,-0.00181558481066667,0.00137265437866667,0.005332483715811494
winter_baseflow,penn,Chl-a Fluorescence,0.01546321418,0.022206472,-4.12002626666667e-4,2.25763e-4,0.001517296717904152
monsoon,penn,Depth,0.4285830631776,0.455811123936,-0.00134939731136,0.00137600423808,0.005562838238246567
snowmelt,penn,Depth,0.3582172415016,0.5654383771728,-0.00175385388624,0.00163649468992,0.05700180536006636
winter_baseflow,penn,Depth,0.3657256920168,0.3805368820032,-3.42179005760001e-4,4.95227254400004e-4,0.002669965964882112
monsoon,penn,FDOM Fluorescence,0.3190701273,1.131573421,-0.0334986820866667,0.0341977479733333,0.17909054739829836
snowmelt,penn,FDOM Fluorescence,0.4488749823,2.574962019,-0.0579982816133333,0.0574507512,0.5330051954762743
winter_baseflow,penn,FDOM Fluorescence,0.743334508,1.304170244,-0.0142680373333333,0.0190562333333333,0.161033894843487
monsoon,penn,Specific Conductivity,21.8786815,26.8897828,-0.126932693333333,0.281940806666667,0.9124593019654058
snowmelt,penn,Specific Conductivity,19.5154041,39.243195299999996,-0.091398116,0.155410574666667,5.907637664210662
winter_baseflow,penn,Specific Conductivity,36.14256816,37.4512388,-0.00654727333333344,0.0102797393333332,0.4643405082712047
monsoon,penn,Temperature,7.310317277,10.35794188,-0.00785391500000004,0.0219628933333333,0.75481737894706
snowmelt,penn,Temperature,0.01188309271,11.26382421,-0.0152651253333333,0.0329103304,2.719420909142641
winter_baseflow,penn,Temperature,1.769561312,6.507995896,-0.0192717146666666,6.74413333333372e-4,1.5034272555848398
monsoon,penn,Turbidity,4.666578607,6.284871886,-0.2173996928,0.207061613600001,0.18953694903353574
snowmelt,penn,Turbidity,4.457639226,14.05274159,-0.506255694,0.474066733333333,1.3792265875881755
winter_baseflow,penn,Turbidity,4.793132391,14.03300892,-0.582029808266667,0.572724607333333,1.4299358818083927
monsoon,pfal,Chl-a Fluorescence,0.01487987396,0.03722714836,-4.22057290666667e-4,3.94489133333333e-4,0.0055637852691404355
snowmelt,pfal,Chl-a Fluorescence,0.01428829623,0.5915904999,-0.0256401957013333,0.02174774606,0.05395971784842534
monsoon,pfal,Depth,0.913981491312,0.9869929980192,-0.00275650114688,0.00283551884,0.017511584434868197
snowmelt,pfal,Depth,0.16071794256144,1.762496990112,-0.00383237215744,0.00399673990592,0.4274179881246688
monsoon,pfal,DO,8.34391148,9.0010604,-0.0033219866666667,0.00231626799999999,0.1773922965029247
snowmelt,pfal,DO,8.36053546,10.93782004,-0.00635156666666659,0.00473879799999999,0.6714256424448075
monsoon,pfal,FDOM Fluorescence,0.922427768,1.331535688,-0.00158319466666666,0.00236725786666667,0.13246287325494788
snowmelt,pfal,FDOM Fluorescence,0.959487266,3.125152147,-0.0072490016,0.00453942620000001,0.5830261065378974
monsoon,pfal,ORP,0.2324639984,0.3092910624,-0.00117007816,7.41056966666666e-4,0.023725849774836192
snowmelt,pfal,ORP,0.1036734077,0.3344299418,-0.00116481666666667,8.36817359999998e-4,0.052840960164803295
monsoon,pfal,pH,7.337303716,7.573763768,-0.00927363599999998,0.009300372,0.05288543549367886
snowmelt,pfal,pH,7.024268717,8.11127777,-0.0112059486666667,0.0111197061333333,0.23328165789538233
monsoon,pfal,Specific Conductivity,34.11164768,35.1096424,-0.0123226333333336,0.0114881973333337,0.25048394240035404
snowmelt,pfal,Specific Conductivity,27.63810681,60.87450622,-0.235077593333333,0.220026162666667,8.844262515506328
monsoon,pfal,Temperature,9.643352,12.61563248,-0.00960506533333331,0.0143082986666667,0.8127124961530604
snowmelt,pfal,Temperature,0.2872663894,12.45348325,-0.0142072886666667,0.0232054433333333,3.1066985046731186
monsoon,pfal,Turbidity,3.426081544,6.046238444,-0.144627595,0.151089583466667,0.4124861325897254
snowmelt,pfal,Turbidity,0,28.84175393,-0.6824311166,0.628218266666667,4.140170232193557
fall_baseflow,prospect,Depth,0.259070523834229,0.622659377288818,-4.58856221580506e-4,8.75303621864318e-4,0.0949776794854362
monsoon,prospect,Depth,0.333163701124191,0.894365312003138,-7.89393680143654e-4,0.00153931563491821,0.12285963116554864
snowmelt,prospect,Depth,0.325170601078033,1.54189106811832,-0.00169559844055176,0.00244653012390138,0.3260207508303333
winter_baseflow,prospect,Depth,0.261882820198059,0.727649875762939,-5.01576651763916e-4,0.00109272094688416,0.08712155843471475
fall_baseflow,prospect,DO,6.28821759223938,15.1031580924988,-0.0290573221842449,0.0375456364949545,1.8984431878346055
monsoon,prospect,DO,6.12726630210877,13.3458506965637,-0.0309074401855469,0.0301169160207112,1.2682215555643301
snowmelt,prospect,DO,7.22716541290283,10.3784914016724,-0.0134835001627603,0.0108528353373208,0.5301507949518817
winter_baseflow,prospect,DO,6.12032823562622,15.5025114536285,-0.0395770511627198,0.0379917068481444,2.154930089924341
fall_baseflow,prospect,ORP,0.265051743774414,0.454787360229492,-5.05249593098956e-4,4.27952880859377e-4,0.04539261506706316
monsoon,prospect,ORP,0.227517554779053,0.434138629150391,-9.06212259928385e-4,6.4015350341797e-4,0.04965230815038229
snowmelt,prospect,ORP,0.11442894744873,0.456313024902344,-0.00134312947591146,0.00123469696044922,0.08887060403557093
winter_baseflow,prospect,ORP,0.0970496071624756,0.427909711608887,-0.00112216670735677,8.68316914876301e-4,0.08092635967692642
fall_baseflow,prospect,pH,7.8263524055481,8.86167478561401,-0.00368962605794271,0.00441078503926596,0.25201849459372966
monsoon,prospect,pH,7.62655968237854,8.97585269927979,-0.00448527928076175,0.00554292360941568,0.3154601004204215
snowmelt,prospect,pH,7.49685222625732,8.44352657318115,-0.00335787105560303,0.0033327039082845,0.1780171147829888
winter_baseflow,prospect,pH,7.80999555587769,9.47321643829346,-0.00625099563598633,0.00701728820800783,0.39405300930599857
fall_baseflow,prospect,Specific Conductivity,167.312338256836,1088.96843261719,-1.33128676350911,0.723304850260417,259.6727473622075
monsoon,prospect,Specific Conductivity,117.11547492334,861.343262939453,-1.94075459895833,0.724404663085937,182.58799709614226
snowmelt,prospect,Specific Conductivity,63.6814567565918,740.00640625,-2.45585159301758,0.75900927734375,99.04842953660726
winter_baseflow,prospect,Specific Conductivity,147.576138916016,1123.50377441406,-1.59484830729167,1.18050579833984,271.0450493402018
fall_baseflow,prospect,Temperature,0.571710780262947,18.3793115615845,-0.00817830848693854,0.021355094909668,3.9482841636931645
monsoon,prospect,Temperature,13.2761915969849,23.7342049771789,-0.0108594462076823,0.0215338452657064,2.1720949391084123
snowmelt,prospect,Temperature,7.7953674697876,19.4953845214844,-0.012611141204834,0.0205972277323405,2.4365120174421584
winter_baseflow,prospect,Temperature,1.61563055157661,17.373816986084,-0.0147760429382323,0.0320132191975913,3.323758996977569
fall_baseflow,prospect,Turbidity,2.05960758924484,46.5021469116211,-2.46609367688497,2.60773629760744,7.963458093170219
monsoon,prospect,Turbidity,1.98840452165688,204.340592966186,-4.65651683110352,4.2881323749349,28.696458743434825
snowmelt,prospect,Turbidity,4.93941745758057,218.454842529297,-4.08230248514811,4.01021952311201,38.4670936263872
winter_baseflow,prospect,Turbidity,1.81078154683113,117.349141159058,-1.96845086574554,1.69618679237366,20.345534362322457
fall_baseflow,prospect virridy,Chl-a Fluorescence,0.0351737435534596,21.3593169593811,-1.39535999103387,1.36835295931498,4.242298111016796
monsoon,prospect virridy,Chl-a Fluorescence,0.0256148020736873,4.24480651378631,-0.216036953727404,0.22084318531553,0.8077114345498899
winter_baseflow,prospect virridy,Chl-a Fluorescence,0.0360670141875744,14.2693103408813,-0.986860371083021,0.868363570849101,2.5280563488591667
fall_baseflow,prospect virridy,Depth,0.272348200298309,0.628664807235718,-4.93238304138182e-4,8.32077166366571e-4,0.1037430724568914
monsoon,prospect virridy,Depth,0.356284417041779,0.379418898834229,-1.71910533905034e-4,2.18413267135622e-4,0.0072561376965391035
winter_baseflow,prospect virridy,Depth,0.25629867867136,0.465582336825371,-4.34568096542359e-4,7.5431442260742e-4,0.05843412156593534
fall_baseflow,prospect virridy,FDOM Fluorescence,0.230784611999989,1.35076925158501,-0.00315081691741944,0.00307673390706381,0.16178606457395583
monsoon,prospect virridy,FDOM Fluorescence,0.376303002238274,1.32518833875656,-0.003543541431427,0.00437192606925964,0.12603683177519145
winter_baseflow,prospect virridy,FDOM Fluorescence,0,0.745716497302055,-0.00794830886522929,0.00799809350570043,0.08512143176790272
fall_baseflow,prospect virridy,Specific Conductivity,164.791921386719,1068.599921875,-2.05218123372396,1.64769608561198,255.02152067470962
monsoon,prospect virridy,Specific Conductivity,203.216828918457,874.261929321289,-2.64118918863932,1.82641031901041,182.6164361426326
winter_baseflow,prospect virridy,Specific Conductivity,293.563754272461,1041.80238647461,-1.44402563476563,1.3227849934895901,216.68571995762935
fall_baseflow,prospect virridy,Temperature,0.663323407173157,18.4595026397705,-0.00814415995279943,0.0221574560801188,3.963253923177741
monsoon,prospect virridy,Temperature,13.0117448329926,23.1194762229919,-0.0109577255249024,0.0223654301961263,2.1697977457100155
winter_baseflow,prospect virridy,Temperature,1.45787417411804,15.646454114914,-0.0116260608037313,0.0240873432159424,3.143156717877899
fall_baseflow,prospect virridy,Turbidity,0,26.5677796173096,-1.06400846672058,1.11492687606811,5.517379363979251
monsoon,prospect virridy,Turbidity,0.650975912809372,41.466608428955396,-1.5368536094029699,1.88661554972331,4.682374005589143
winter_baseflow,prospect virridy,Turbidity,0,88.4891259765624,-11.9593087768555,11.796809918801,18.54386759524614
fall_baseflow,river bluffs,Chl-a Fluorescence,0.507697327136993,9.02142765045161,-0.322012825171153,0.271803698539734,1.4903937816626929
monsoon,river bluffs,Chl-a Fluorescence,0.0178866247087717,1.93069779872894,-0.0814153442780177,0.0844368404646719,0.3742605106785635
snowmelt,river bluffs,Chl-a Fluorescence,0.00614095835015178,19.3186009216309,-0.482936734716097,0.508507537841795,2.386491119351308
winter_baseflow,river bluffs,Chl-a Fluorescence,0.22357490003109,31.7108138275146,-1.34562668307622,0.969502992630005,5.812023925734779
fall_baseflow,river bluffs,Depth,0.246704188545227,0.811423843688965,-9.5351754932403e-4,0.00122965389194488,0.14379662255481726
monsoon,river bluffs,Depth,0.184085400987625,1.02687434980774,-0.00156791994514465,0.00204777018566132,0.11697254827050554
snowmelt,river bluffs,Depth,0.252399449197769,1.51502869294739,-0.00331650977325439,0.0067609355516434,0.32334122028596324
winter_baseflow,river bluffs,Depth,0.163608327484131,1.04992728352547,-9.22473986339569e-4,0.0011286087272644,0.17732813499372047
fall_baseflow,river bluffs,DO,6.49263402938843,14.0465524673462,-0.0187607447306315,0.0278084615071615,1.8550030080275752
monsoon,river bluffs,DO,5.31962059020996,10.0030625534058,-0.015859671274821,0.0139750022888184,1.0391082411392647
snowmelt,river bluffs,DO,0,9.96704506874088,-0.201582939624786,0.23374952920278,2.234461449148698
winter_baseflow,river bluffs,DO,3.227525639534,14.7158415317535,-0.0986912371317545,0.125668614069621,2.0774899783627436
fall_baseflow,river bluffs,ORP,0.202298549804688,0.359968173828125,-0.00113694384765625,6.0452294921875e-4,0.032792391844875264
monsoon,river bluffs,ORP,0.172471817016602,0.454527834472656,-0.00140203450520833,8.81299804687502e-4,0.07101597878983161
snowmelt,river bluffs,ORP,-0.381355028686523,0.411512186584473,-0.00578095061747233,0.00503023579915366,0.16026370883509392
winter_baseflow,river bluffs,ORP,-0.0419170379638672,0.302000737304688,-0.0041804297765096,0.00286108334859212,0.05220673453192421
fall_baseflow,river bluffs,pH,7.94451829910278,9.54045478820801,-0.00225868288675944,0.0030484987894694,0.36971885957796885
monsoon,river bluffs,pH,7.5897421503067,9.41896020889282,-0.00314922587076823,0.00393260320027668,0.5051290013017561
snowmelt,river bluffs,pH,7.52231563091278,8.72454456329346,-0.00604291534423828,0.00757155863444005,0.2361953662046876
winter_baseflow,river bluffs,pH,8.01427707672119,9.23079357147217,-0.0141492252349854,0.0143556264241536,0.28011150947507835
fall_baseflow,river bluffs,Specific Conductivity,269.410015258789,1336.68607421875,-0.932950642903646,0.581755371093747,286.24777534412686
monsoon,river bluffs,Specific Conductivity,282.845238647461,1239.86397949219,-1.73952921549479,1.1304075520833201,197.41621373448868
snowmelt,river bluffs,Specific Conductivity,145.538584594727,1183.60273925781,-4.36693310546875,2.09684197998047,289.87130658016326
winter_baseflow,river bluffs,Specific Conductivity,317.579459838867,1474.70728027344,-5.51743221028646,5.60201224772136,261.59511849410296
fall_baseflow,river bluffs,Temperature,-0.00492500014603138,19.0814017486572,-0.0107345136006673,0.0184959786732993,4.597576815237916
monsoon,river bluffs,Temperature,15.1449182987213,26.0388645172119,-0.0148495635986328,0.0212431844075521,2.500484526877234
snowmelt,river bluffs,Temperature,9.03432837486267,23.1683325958252,-0.0148676617940267,0.0240090440114339,2.841998791728536
winter_baseflow,river bluffs,Temperature,0.982492356300354,17.1689654541016,-0.0175013573964437,0.0261350606282554,3.439965340433334
monsoon,sfm,Chl-a Fluorescence,0.03267795124,0.529403278,-0.0135591326933333,0.0158103827293333,0.12174622162985693
snowmelt,sfm,Chl-a Fluorescence,0.02752674215,1.4412097719999999,-0.0255619348933333,0.0242696193333334,0.2929684600342162
winter_baseflow,sfm,Chl-a Fluorescence,0.02112646972,0.0561828898399998,-0.0159277644493333,0.00814360029666704,0.005784558112816105
monsoon,sfm,Depth,0.4490824225344,0.5168586064128,-9.7753275664e-4,9.08604248319998e-4,0.013583220188112371
snowmelt,sfm,Depth,0.3165935523336,0.8378124849,-0.001166929848,0.0012739577264,0.1189753817950057
winter_baseflow,sfm,Depth,0.3456203936448,0.4690461568512,-8.0928010864e-4,8.44973671999999e-4,0.027789165175401347
monsoon,sfm,DO,7.883059712,8.65256632,-0.00301352106666666,0.0020816983333333,0.19597252539633903
snowmelt,sfm,DO,7.67708678,10.74049823,-0.00677835333333338,0.00363703866666666,0.7112907722818766
winter_baseflow,sfm,DO,8.6504006,10.8993613,-0.00766257066666667,0.00732426666666666,0.6251892731965986
monsoon,sfm,FDOM Fluorescence,0.4894575816,0.5473399144,-3.45380373333336e-4,2.17353999999998e-4,0.017548610166379715
snowmelt,sfm,FDOM Fluorescence,0.5095532514,2.725659647,-0.00768528866666667,0.00541721866666665,0.6120803154799761
winter_baseflow,sfm,FDOM Fluorescence,1.457785192,2.398569024,-0.0149213742666667,0.00938464199999988,0.21003531407874243
monsoon,sfm,ORP,0.2964309956,0.3587427308,-0.00105621268,9.53877266666669e-4,0.017713448381474203
snowmelt,sfm,ORP,0.1936012758,0.3497252281,-0.00155378966666667,0.00113240983333334,0.040748936152661445
winter_baseflow,sfm,ORP,0.1958282444,0.2715194776,-8.18806000000001e-4,8.12529866666665e-4,0.01792149148015865
monsoon,sfm,pH,6.853709388,7.252000924,-0.0146573276666667,0.0170216826666667,0.08853560955666794
snowmelt,sfm,pH,6.789815576,7.722946762,-0.0162807154,0.0160603421333334,0.24583290529728427
winter_baseflow,sfm,pH,7.37273068,7.704914236,-0.00472654586666667,0.00522795373333334,0.06967042438025729
monsoon,sfm,Specific Conductivity,28.5885052,29.17041972,-0.00483613066666661,0.00833502133333337,0.14795125617208393
snowmelt,sfm,Specific Conductivity,23.61322468,66.19444519,-0.0399355866666668,0.0474315199999999,13.971177996569013
winter_baseflow,sfm,Specific Conductivity,48.20122504,63.65928824,-0.212170453333333,0.22115724,4.04154829875589
monsoon,sfm,Temperature,9.41758164,12.79532672,-0.00710252800000004,0.0122119293333333,0.9293194874150322
snowmelt,sfm,Temperature,0.8087145673,14.41785107,-0.0147855493333333,0.0282850176,3.1283397931382013
winter_baseflow,sfm,Temperature,0.5234996584,9.29804376,-0.0256110854,0.0280528506666667,2.4946263109212063
monsoon,sfm,Turbidity,6.00464554,12.10617958,-0.295188733333333,0.335445150466667,1.2652124083465606
snowmelt,sfm,Turbidity,2.974632787,47.80121282,-1.18002713333333,1.15136821666667,8.445062232358358
winter_baseflow,sfm,Turbidity,8.151269,66.6702736,-2.13006167733333,2.27059942666667,9.654720933350054
monsoon,springcreek,Chl-a Fluorescence,0.0159076714888215,0.0443120200186968,-0.00103074560066064,0.00101212256401777,0.005749747027340153
snowmelt,springcreek,Chl-a Fluorescence,0.0180458517558873,6.78713282585144,-0.4031256108284,0.399765862147013,0.7803759865824537
winter_baseflow,springcreek,Chl-a Fluorescence,0.0140556141827255,7.4248954296112,-0.47660256199042,0.397180850505828,1.1382535787920909
monsoon,springcreek,Depth,0.235519773845673,0.302663111901283,-0.00187544418535233,0.00206014187479019,0.01738646415829358
snowmelt,springcreek,Depth,0.181803731755257,0.582072381926537,-0.00148291475343704,0.00169652084064483,0.06961222406588821
winter_baseflow,springcreek,Depth,0.170132491393089,0.301252836246014,-7.78782405853272e-4,9.12352014541624e-4,0.012302512893908726
monsoon,springcreek,FDOM Fluorescence,0.199570842087269,0.653026783466339,-0.0190750003059705,0.0197223260800044,0.07301975287537078
snowmelt,springcreek,FDOM Fluorescence,0.229573172032833,1.46948530554771,-0.0366237084070841,0.0360694488684335,0.2275972926602675
winter_baseflow,springcreek,FDOM Fluorescence,0.271238987445831,1.27722810506821,-0.0278988701105118,0.0277235752344131,0.19797735812279102
monsoon,springcreek,Specific Conductivity,255.096713256836,285.24931640625,-0.513275960286458,0.606039245605464,6.005680594341379
snowmelt,springcreek,Specific Conductivity,236.360254821777,1239.65094726563,-3.35353938802083,3.59774401855468,329.81565999869
winter_baseflow,springcreek,Specific Conductivity,374.430115356445,1021.01043884277,-13.4581013997396,15.4352392578124,142.83974025271877
monsoon,springcreek,Temperature,16.7311264038086,21.8869094848633,-0.0114535573323569,0.0211755116780598,1.3001491972558417
snowmelt,springcreek,Temperature,10.7559727954864,21.8496164131165,-0.0149839121500651,0.033073455810547,2.510007136608603
winter_baseflow,springcreek,Temperature,5.61290323257446,18.8008420944214,-0.017778746287028,0.0400428072611491,2.9489746107937607
monsoon,springcreek,Turbidity,15.6900243759155,425.903845214844,-26.7741468048096,26.4202526652018,67.78309493513886
snowmelt,springcreek,Turbidity,13.2357695484161,52.3124757003784,-2.24180503845215,2.42304766337073,5.041660411864516
winter_baseflow,springcreek,Turbidity,10.4071482753754,409.12884765625,-34.4821024894714,29.75756371816,50.30025412846321
fall_baseflow,tamasag,Depth,0.0495819553134441,1.21567970179368,-0.00205882626953125,0.0022842290930748,0.11799039505040962
monsoon,tamasag,Depth,0.0493080817687511,0.504463714018446,-0.00104760541386801,0.00123673831516147,0.09785266173938148
snowmelt,tamasag,Depth,0.0189813511311114,0.986491133794785,-0.00140063810157776,0.0016007181854248,0.20103400356798817
winter_baseflow,tamasag,Depth,0.0724943097667694,0.450522001367569,-9.99907547187805e-4,0.00110688082931042,0.090005818907862
fall_baseflow,tamasag,DO,7.12018154144287,12.9042321014404,-0.0287426376342773,0.0368299605051676,1.240267823180599
monsoon,tamasag,DO,7.24234764099121,9.27785652160645,-0.006171482,0.0060781265894572,0.4120523097257381
snowmelt,tamasag,DO,0,10.1099774646759,-0.0620177777608236,0.0686657973925273,2.558868770412023
winter_baseflow,tamasag,DO,7.67857598304749,12.6844972991943,-0.0213693294525147,0.0174060719807945,1.1446744205930561
fall_baseflow,tamasag,ORP,0.269011405944824,0.469132476806641,-9.52970743815104e-4,8.80194010416662e-4,0.04535508199727735
monsoon,tamasag,ORP,0.255905675099121,0.454360322875977,-0.00144762670898438,9.3650666666667e-4,0.03998173015161526
snowmelt,tamasag,ORP,-0.263023254699707,0.450218641052246,-0.00357319894917806,0.00295696268717448,0.1099882013082629
winter_baseflow,tamasag,ORP,0.151446100463867,0.467443414916992,-9.22032552083334e-4,0.00101428299967447,0.08721868155865614
fall_baseflow,tamasag,pH,7.4282567024231,8.87176837921142,-0.00861871147155762,0.00859636561075847,0.3302364042510545
monsoon,tamasag,pH,7.46349091053009,8.6976079,-0.00617778533333332,0.00638048284785975,0.36588451576786796
snowmelt,tamasag,pH,7.24334106445312,8.65881768226624,-0.00605321311950684,0.00752047475179037,0.36595534717899764
winter_baseflow,tamasag,pH,7.62030151367188,8.64519255638123,-0.0053284117380778,0.00467486699422199,0.24638504121428326
fall_baseflow,tamasag,Specific Conductivity,85.4782598876953,240.583549804687,-0.163306091308594,0.204204833984378,51.40053469285731
monsoon,tamasag,Specific Conductivity,55.297004699707,179.454238891602,-0.140492971152343,0.127991813264975,26.97941939774983
snowmelt,tamasag,Specific Conductivity,20.1957981109619,128.60961730957,-0.346498710632324,0.33219740549723,24.247189492696567
winter_baseflow,tamasag,Specific Conductivity,87.5559841918945,268.553778076172,-0.397854085286458,0.362221720377604,40.90504128606838
fall_baseflow,tamasag,Temperature,1.75865992903709,16.5329685211182,-0.0126736068725586,0.0239197069803874,3.2031342983497773
monsoon,tamasag,Temperature,11.1143374633789,19.383728,-0.0140329424540202,0.0248706029256184,1.8177326734648127
snowmelt,tamasag,Temperature,7.02628279685974,17.3450981140137,-0.00908126036824545,0.017848066329956,2.2726814677893006
winter_baseflow,tamasag,Temperature,2.27320530414581,14.408787021637,-0.0233396987915039,0.039635547320048,2.7527936503096937
fall_baseflow,tamasag,Turbidity,3.19198293209076,197.67905670166,-3.55177911694845,3.33714154052732,34.7002698096327
monsoon,tamasag,Turbidity,1.19258979320526,193.026607617674,-5.41857333333333,5.76554561233515,14.051268717265971
snowmelt,tamasag,Turbidity,0,1126.31062499999,-71.8432828063965,70.3666175880429,134.4945348301264
winter_baseflow,tamasag,Turbidity,1.80585054397583,91.4267489624023,-1.85825174967448,1.92886951287588,21.299845793508634
fall_baseflow,timberline,Depth,0.405397380723953,1.05649054206848,-7.71762969970703e-4,9.91725076675404e-4,0.1315154470153535
monsoon,timberline,Depth,0.484909197469711,1.22942225104523,-0.00121315787849426,0.00205477491798401,0.1524808395999739
snowmelt,timberline,Depth,0.549811206127167,1.94518389605713,-0.00253859461097717,0.00328780958709716,0.31130294213502535
winter_baseflow,timberline,Depth,0.582835800444603,1.29126266387558,-0.00115781217727661,0.00149738936653138,0.14938900807486616
fall_baseflow,timberline,DO,6.42921705245972,11.8887048339844,-0.0331535816192627,0.0330752048492432,1.2345719967462658
monsoon,timberline,DO,5.97542952060699,11.0953015708923,-0.0293993473052979,0.029890895843506,0.9567511610303975
snowmelt,timberline,DO,7.00577157974243,10.168821144104,-0.0254706446329753,0.0262550163269043,0.6069628335359909
winter_baseflow,timberline,DO,6.38332486152649,13.6769601821899,-0.0343872057596843,0.0310165373484292,1.6303467764981312
fall_baseflow,timberline,ORP,0.285731259155273,0.413608364868164,-4.76395467122395e-4,4.17130696614583e-4,0.028867758769130097
monsoon,timberline,ORP,0.250498098602295,0.473665975341797,-7.79768147786456e-4,6.37193339029948e-4,0.04775673845075394
snowmelt,timberline,ORP,0.304312651367187,0.476472410888672,-0.00114117633056641,6.91977742513023e-4,0.0380904156245085
winter_baseflow,timberline,ORP,0.142261742401123,0.436901361083984,-8.87635803222656e-4,7.94346130371093e-4,0.068576785772036
fall_baseflow,timberline,pH,7.66431620597839,8.68809155464172,-0.00393395487467448,0.00365782101949056,0.19812204230826025
monsoon,timberline,pH,7.45168552398682,8.68657885551453,-0.00480612754821777,0.00471334075927734,0.27799792217038105
snowmelt,timberline,pH,7.29897304534912,8.35685775756836,-0.00593571217854818,0.00645030975341795,0.20372554628667713
winter_baseflow,timberline,pH,7.60120218276978,9.01148993492126,-0.00598200480143229,0.00659762064615886,0.3563749290571965
fall_baseflow,timberline,Specific Conductivity,158.47329788208,1010.48977478027,-1.42064225260417,1.01055442301432,247.36626700640923
monsoon,timberline,Specific Conductivity,116.022233123779,939.060676269531,-2.5209765218099,1.06969421386718,218.7208084303538
snowmelt,timberline,Specific Conductivity,62.6261390686035,745.233037109375,-2.44511291503906,1.00609749348958,103.92083420913676
winter_baseflow,timberline,Specific Conductivity,137.904076538086,942.358381958006,-1.45152083333333,0.852077351888022,212.08010467195348
fall_baseflow,timberline,Temperature,1.49978895187378,18.118568611145,-0.00846759796142578,0.0172538693745931,3.7106349653885484
monsoon,timberline,Temperature,12.8234705162048,23.57809009552,-0.0111827850341797,0.0190711085001628,2.189638936911695
snowmelt,timberline,Temperature,7.64654441833496,19.1133839416504,-0.0116049690246581,0.0207374903361003,2.4048158878069716
winter_baseflow,timberline,Temperature,1.74926229000092,16.1140362930298,-0.0120036443074544,0.0224502573013306,3.3101017204799397
fall_baseflow,timberline,Turbidity,3.63691349029541,120.863629150389,-9.89184104410807,11.4983110872905,6.330414660595845
monsoon,timberline,Turbidity,0.992036687731743,223.925659790039,-5.78005202229818,4.95679955037436,32.80215948558554
snowmelt,timberline,Turbidity,3.17232403755188,1028.64047851562,-38.4687354787191,42.3845692596435,118.32655565527328
winter_baseflow,timberline,Turbidity,1.95733664870262,1115.18719116211,-48.9505924479167,44.2584602101643,131.247237713194
fall_baseflow,timberline virridy,Chl-a Fluorescence,0.0497142585366964,15.1236867237091,-0.876433733344078,0.84714640835921,2.1937997339769937
monsoon,timberline virridy,Chl-a Fluorescence,0.0303265625610948,6.5599188041686904,-0.346443024535974,0.363708884984255,0.7728328835237971
winter_baseflow,timberline virridy,Chl-a Fluorescence,0.0791952468454838,640.672802734375,-31.2828551165263,28.8596534264882,121.824607669147
fall_baseflow,timberline virridy,Depth,0.381445176315308,0.706084915901184,-6.34083389282227e-4,5.97244746398925e-4,0.042874149919108075
winter_baseflow,timberline virridy,Depth,0.579754734512329,0.844114503810883,-6.46145153045656e-4,8.70489259719848e-4,0.07085309120524891
fall_baseflow,timberline virridy,FDOM Fluorescence,0.658822436332703,2.32213978052139,-0.0197537786960602,0.0175934982299804,0.29595045587234486
monsoon,timberline virridy,FDOM Fluorescence,0.629025403857231,1.88370898723602,-0.00715158669153849,0.00738448731104522,0.187348595546278
winter_baseflow,timberline virridy,FDOM Fluorescence,0.560314263105392,2.77787658691406,-0.107047015825907,0.115026013056437,0.4473590259131738
fall_baseflow,timberline virridy,Specific Conductivity,167.670697479248,1070.19063476562,-2.89531201171875,2.31586649576823,261.04546568189386
monsoon,timberline virridy,Specific Conductivity,194.454428710937,945.118783569336,-2.46056030273437,1.60131730143229,214.04077751168018
winter_baseflow,timberline virridy,Specific Conductivity,298.920527648926,1107.33110961914,-3.19795300292969,2.77616902669272,197.65053381616752
fall_baseflow,timberline virridy,Temperature,1.52174209952354,18.139871673584,-0.00839742660522461,0.0174130172729492,3.710653080967744
monsoon,timberline virridy,Temperature,12.4661346626282,21.9764931869507,-0.0115088717142742,0.019296807607015,2.1001103784938993
winter_baseflow,timberline virridy,Temperature,1.56854866147041,12.1314094352722,-0.0129353720347087,0.0226215438842773,2.8789266671155556
fall_baseflow,timberline virridy,Turbidity,0.938859182596207,29.2100837707519,-1.67120643583934,1.69789256683986,3.9498671375456684
monsoon,timberline virridy,Turbidity,1.8612771832943,119.64857383728,-2.3944762878418002,2.83816867065428,6.66556420653153
winter_baseflow,timberline virridy,Turbidity,1.89926140904427,1171.2123840332,-44.9860604807536,56.5648706054686,148.92588732432668
